"type","dep","i-dep","fan-in","fan-out"
"org.jfree.chart.plot.XYPlot",70,33,131,51
"org.jfree.chart.plot.CategoryPlot",69,32,106,54
"org.jfree.chart.ChartPanel",73,18,21,32
"org.jfree.chart.plot.PiePlot",62,30,27,41
"org.jfree.data.general.DatasetUtils",30,26,30,32
"org.jfree.chart.renderer.AbstractRenderer",41,18,6,26
"org.jfree.chart.ChartFactory",87,74,16,76
"org.jfree.chart.axis.DateAxis",29,12,21,20
"org.jfree.data.general.DatasetUtilsTest",34,25,0,31
"org.jfree.chart.plot.PolarPlot",54,27,18,40
"org.jfree.chart.plot.XYPlotTest",47,28,0,31
"org.jfree.chart.renderer.xy.AbstractXYItemRenderer",58,33,19,43
"org.jfree.chart.StandardChartTheme",61,50,9,56
"org.jfree.chart.renderer.category.AbstractCategoryItemRenderer",56,33,8,43
"org.jfree.chart.plot.CategoryPlotTest",43,22,0,24
"org.jfree.data.time.TimeSeriesTest",18,7,0,9
"org.jfree.chart.axis.DateAxisTest",25,9,0,15
"org.jfree.chart.axis.Axis",38,14,13,20
"org.jfree.chart.JFreeChart",57,26,104,37
"org.jfree.chart.axis.ValueAxis",27,10,99,19
"org.jfree.chart.plot.SpiderWebPlot",46,20,7,28
"org.jfree.chart.plot.ThermometerPlot",37,14,6,25
"org.jfree.chart.axis.CategoryAxis",35,17,59,25
"org.jfree.chart.renderer.xy.XYDifferenceRenderer",31,16,10,25
"org.jfree.chart.plot.PiePlot3D",28,8,4,16
"org.jfree.chart.renderer.category.BarRenderer",37,20,41,29
"org.jfree.chart.axis.PeriodAxis",38,13,13,23
"org.jfree.chart.plot.Plot",52,27,48,38
"org.jfree.chart.axis.CyclicNumberAxis",24,8,7,15
"org.jfree.data.time.TimeSeries",19,7,82,17
"org.jfree.chart.plot.MeterPlot",39,13,7,21
"org.jfree.chart.renderer.xy.XYBarRenderer",35,21,25,33
"org.jfree.chart.axis.NumberAxis",22,8,62,15
"org.jfree.chart.renderer.category.BoxAndWhiskerRenderer",36,17,21,25
"org.jfree.chart.axis.LogAxis",23,9,17,17
"org.jfree.chart.axis.LogarithmicAxis",10,3,2,9
"org.jfree.data.xy.XYSeriesTest",8,3,0,6
"org.jfree.chart.renderer.AbstractRendererTest",31,12,0,16
"org.jfree.chart.block.BorderArrangementTest",10,3,0,3
"org.jfree.chart.renderer.xy.XYLineAndShapeRenderer",28,15,20,27
"org.jfree.chart.plot.FastScatterPlot",34,14,8,23
"org.jfree.chart.renderer.DefaultPolarItemRenderer",39,21,8,26
"org.jfree.chart.title.TextTitle",33,19,25,27
"org.jfree.chart.plot.PiePlotTest",30,13,0,15
"org.jfree.chart.LegendItem",24,9,83,13
"org.jfree.chart.renderer.xy.StandardXYItemRenderer",32,16,16,29
"org.jfree.chart.plot.CompassPlot",37,20,4,27
"org.jfree.data.gantt.TaskSeriesCollectionTest",8,3,0,4
"org.jfree.chart.renderer.xy.XYBoxAndWhiskerRenderer",36,17,8,25
"org.jfree.chart.renderer.xy.CandlestickRenderer",30,16,10,24
"org.jfree.data.xy.XYSeries",10,6,121,13
"org.jfree.chart.axis.SymbolAxis",26,8,10,14
"org.jfree.chart.text.TextUtils",13,0,30,4
"org.jfree.chart.plot.dial.StandardDialScale",22,5,24,13
"org.jfree.data.statistics.DefaultBoxAndWhiskerCategoryDataset",9,7,11,15
"org.jfree.data.time.DynamicTimeSeriesCollection",8,6,0,14
"org.jfree.chart.util.SerialUtils",24,0,93,7
"org.jfree.chart.panel.CrosshairOverlay",28,10,5,19
"org.jfree.chart.renderer.category.BoxAndWhiskerRendererTest",27,12,0,14
"org.jfree.chart.title.PaintScaleLegend",27,14,7,21
"org.jfree.chart.plot.CombinedDomainXYPlot",22,15,4,20
"org.jfree.data.category.DefaultIntervalCategoryDataset",10,5,25,10
"org.jfree.chart.renderer.xy.XYAreaRenderer",32,18,21,29
"org.jfree.chart.renderer.category.LineAndShapeRenderer",19,11,19,18
"org.jfree.chart.plot.dial.DialPlot",19,10,11,18
"org.jfree.chart.block.BorderArrangement",7,3,10,6
"org.jfree.chart.editor.DefaultPlotEditor",33,15,2,20
"org.jfree.data.statistics.DefaultStatisticalCategoryDataset",9,7,15,15
"org.jfree.chart.plot.CombinedRangeXYPlot",20,13,3,18
"org.jfree.chart.plot.CombinedDomainCategoryPlot",20,12,3,17
"org.jfree.data.xy.XYSeriesCollection",18,11,57,22
"org.jfree.chart.date.SerialDate",5,0,5,6
"org.jfree.chart.plot.MultiplePiePlot",36,17,10,21
"org.jfree.chart.renderer.category.GanttRenderer",22,11,8,16
"org.jfree.chart.title.LegendTitle",37,25,10,31
"org.jfree.chart.renderer.category.StatisticalBarRenderer",28,14,14,22
"org.jfree.data.xy.XYSeriesCollectionTest",13,5,0,7
"org.jfree.chart.plot.RingPlot",33,13,6,24
"org.jfree.data.time.TimeSeriesCollection",22,11,19,22
"org.jfree.chart.renderer.xy.StackedXYAreaRenderer",33,18,9,26
"org.jfree.chart.plot.dial.DialValueIndicator",28,9,6,19
"org.jfree.data.time.WeekTest",12,1,0,1
"org.jfree.chart.renderer.xy.StackedXYAreaRenderer2",20,12,10,21
"org.jfree.data.gantt.TaskSeriesCollection",11,6,23,14
"org.jfree.chart.title.LegendGraphic",24,12,8,18
"org.jfree.data.DefaultKeyedValuesTest",9,2,0,4
"org.jfree.chart.JFreeChartTest",31,15,0,18
"org.jfree.data.time.TimeSeriesCollectionTest",17,4,0,6
"org.jfree.data.category.DefaultIntervalCategoryDatasetTest",8,3,0,3
"org.jfree.chart.util.ShapeUtils",13,0,29,5
"org.jfree.chart.plot.CombinedRangeCategoryPlot",22,13,3,18
"org.jfree.chart.plot.Crosshair",20,8,11,11
"org.jfree.data.xy.DefaultTableXYDataset",13,9,28,18
"org.jfree.data.statistics.StatisticsTest",7,0,0,3
"org.jfree.chart.renderer.xy.XYStepAreaRenderer",19,11,9,19
"org.jfree.chart.renderer.category.StackedAreaRenderer",17,10,9,20
"org.jfree.data.gantt.SlidingGanttCategoryDataset",6,4,5,9
"org.jfree.data.time.Week",6,1,43,6
"org.jfree.chart.plot.dial.DialPointer",19,5,2,14
"org.jfree.chart.annotations.XYTextAnnotation",26,11,19,19
"org.jfree.chart.plot.DefaultDrawingSupplier",17,4,22,9
"org.jfree.chart.renderer.xy.XYShapeRenderer",31,17,6,25
"org.jfree.chart.renderer.category.ScatterRenderer",24,12,8,18
"org.jfree.chart.renderer.category.StatisticalLineAndShapeRenderer",26,14,11,20
"org.jfree.chart.renderer.category.MinMaxCategoryRenderer",27,9,9,14
"org.jfree.chart.renderer.category.LayeredBarRenderer",16,8,8,14
"org.jfree.data.time.QuarterTest",12,1,0,1
"org.jfree.data.KeyedObjects2DTest",7,2,0,2
"org.jfree.data.jdbc.JDBCXYDataset",15,6,0,14
"org.jfree.chart.plot.PolarPlotTest",23,12,0,12
"org.jfree.chart.block.AbstractBlock",15,8,6,13
"org.jfree.chart.renderer.category.WaterfallBarRenderer",25,13,9,18
"org.jfree.chart.plot.Marker",21,7,10,10
"org.jfree.chart.renderer.xy.XYSplineRenderer",19,9,7,17
"org.jfree.chart.LegendItemTest",16,2,0,2
"org.jfree.chart.renderer.xy.XYBlockRenderer",20,14,12,22
"org.jfree.data.time.TimePeriodValues",8,5,23,11
"org.jfree.chart.renderer.xy.CyclicXYItemRenderer",14,10,0,15
"org.jfree.data.DefaultKeyedValues2D",7,3,24,10
"org.jfree.chart.ChartUtils",19,9,0,12
"org.jfree.chart.ui.RectangleInsets",3,0,61,3
"org.jfree.data.time.MonthTest",14,3,0,3
"org.jfree.data.category.DefaultCategoryDatasetTest",8,3,0,3
"org.jfree.chart.annotations.XYPointerAnnotation",26,11,9,20
"org.jfree.data.KeyedObjects2D",6,1,16,7
"org.jfree.chart.plot.MarkerTest",16,3,0,5
"org.jfree.chart.block.GridArrangement",6,1,17,4
"org.jfree.chart.renderer.xy.HighLowRenderer",25,13,9,21
"org.jfree.data.statistics.DefaultBoxAndWhiskerXYDataset",9,5,9,12
"org.jfree.data.time.YearTest",11,1,0,1
"org.jfree.chart.axis.SubCategoryAxis",22,8,8,15
"org.jfree.chart.annotations.CategoryPointerAnnotation",26,12,9,21
"org.jfree.data.statistics.Statistics",6,1,0,5
"org.jfree.chart.block.FlowArrangement",8,1,16,4
"org.jfree.chart.plot.WaferMapPlot",21,9,2,15
"org.jfree.chart.renderer.xy.StackedXYBarRenderer",19,13,9,19
"org.jfree.data.time.Month",7,2,97,5
"org.jfree.chart.renderer.xy.XYAreaRenderer2",27,16,10,25
"org.jfree.chart.renderer.RendererUtilsTest",6,3,0,3
"org.jfree.chart.renderer.xy.XYBarRendererTest",24,17,0,17
"org.jfree.chart.editor.DefaultValueAxisEditor",21,7,2,17
"org.jfree.data.time.TimeTableXYDataset",14,9,9,17
"org.jfree.data.time.DayTest",14,2,0,3
"org.jfree.chart.plot.SpiderWebPlotTest",25,9,0,10
"org.jfree.chart.util.RelativeDateFormat",7,0,8,3
"org.jfree.chart.plot.dial.ArcDialFrame",20,5,9,14
"org.jfree.chart.editor.DefaultAxisEditor",25,9,2,15
"org.jfree.data.KeyedObjectsTest",8,3,0,3
"org.jfree.data.time.HourTest",12,2,0,2
"org.jfree.data.statistics.Regression",2,2,0,6
"org.jfree.data.xy.DefaultIntervalXYDatasetTest",7,3,0,4
"org.jfree.chart.renderer.category.LevelRenderer",19,10,9,18
"org.jfree.data.RangeTest",7,1,0,2
"org.jfree.chart.axis.NumberAxisTest",19,10,0,10
"org.jfree.chart.renderer.category.AbstractCategoryItemRendererTest",18,9,0,9
"org.jfree.data.time.TimePeriodValuesTest",11,5,0,7
"org.jfree.chart.renderer.category.GroupedStackedBarRenderer",17,12,7,20
"org.jfree.chart.axis.CategoryLabelPositions",6,1,21,2
"org.jfree.data.time.MillisecondTest",12,2,0,2
"org.jfree.chart.renderer.category.StackedBarRenderer",19,12,10,19
"org.jfree.chart.axis.ModuloAxis",4,2,6,6
"org.jfree.chart.renderer.category.GradientBarPainter",10,1,18,4
"org.jfree.data.statistics.HistogramDataset",12,6,11,14
"org.jfree.chart.renderer.xy.GradientXYBarPainter",10,1,17,4
"org.jfree.chart.renderer.xy.XYErrorRenderer",21,11,11,14
"org.jfree.data.DefaultKeyedValues2DTest",7,2,0,2
"org.jfree.data.time.TimePeriodValuesCollection",11,6,7,10
"org.jfree.chart.annotations.XYTitleAnnotation",24,15,13,20
"org.jfree.chart.block.ColumnArrangement",8,1,15,4
"org.jfree.data.time.MinuteTest",12,2,0,2
"org.jfree.chart.renderer.xy.VectorRenderer",16,10,7,18
"org.jfree.chart.text.TextBox",16,4,3,7
"org.jfree.chart.ChartPanelTest",15,5,0,7
"org.jfree.chart.renderer.WaferMapRenderer",15,5,2,12
"org.jfree.data.gantt.XYTaskDataset",10,8,4,14
"org.jfree.data.DefaultKeyedValues",10,2,26,11
"org.jfree.data.ComparableObjectSeries",9,5,8,9
"org.jfree.data.time.SecondTest",12,2,0,2
"org.jfree.data.time.Minute",6,1,39,6
"org.jfree.data.xy.DefaultIntervalXYDataset",6,3,12,10
"org.jfree.data.Range",2,1,179,4
"org.jfree.data.statistics.DefaultMultiValueCategoryDataset",11,7,11,16
"org.jfree.chart.renderer.category.CategoryItemRenderer",23,16,15,17
"org.jfree.chart.annotations.CategoryLineAnnotation",25,12,8,20
"org.jfree.chart.renderer.xy.ClusteredXYBarRenderer",16,11,13,19
"org.jfree.data.time.Second",6,1,34,6
"org.jfree.data.general.TestIntervalCategoryDataset",7,5,9,13
"org.jfree.chart.renderer.xy.XYLineAndShapeRendererTest",20,13,0,13
"org.jfree.chart.renderer.category.AreaRenderer",19,9,11,17
"org.jfree.chart.renderer.xy.XYBubbleRenderer",17,9,12,17
"org.jfree.data.time.Quarter",7,2,38,6
"org.jfree.data.time.Hour",6,1,44,6
"org.jfree.chart.axis.AxisSpace",5,2,18,8
"org.jfree.data.statistics.SimpleHistogramDataset",13,6,6,12
"org.jfree.data.time.ohlc.OHLCSeriesCollection",11,8,10,12
"org.jfree.data.xy.DefaultWindDataset",7,2,6,10
"org.jfree.chart.renderer.xy.XYItemRenderer",25,17,37,18
"org.jfree.chart.renderer.category.BarRendererTest",23,13,0,13
"org.jfree.data.xy.IntervalXYDelegate",10,9,9,18
"org.jfree.chart.axis.PeriodAxisTest",23,11,0,13
"org.jfree.chart.plot.dial.StandardDialRange",15,5,6,11
"org.jfree.chart.entity.ChartEntity",14,7,17,14
"org.jfree.chart.util.AttrStringUtils",6,0,3,2
"org.jfree.chart.block.LabelBlock",22,10,12,18
"org.jfree.chart.block.GridArrangementTest",7,3,0,4
"org.jfree.chart.renderer.LookupPaintScale",12,4,16,8
"org.jfree.chart.renderer.category.LineAndShapeRendererTest",15,10,0,11
"org.jfree.chart.needle.MeterNeedle",17,4,9,9
"org.jfree.data.time.Millisecond",5,0,32,2
"org.jfree.data.xy.XIntervalSeriesTest",10,4,0,5
"org.jfree.data.time.Day",10,2,105,4
"org.jfree.chart.GanttChartTest",23,13,0,16
"org.jfree.chart.renderer.category.StatisticalBarRendererTest",18,9,0,9
"org.jfree.chart.plot.dial.DialPlotTest",12,4,0,5
"org.jfree.chart.title.Title",17,7,13,12
"org.jfree.chart.date.SpreadsheetDate",2,0,3,3
"org.jfree.chart.axis.LogAxisTest",17,8,0,8
"org.jfree.chart.renderer.category.CategoryStepRenderer",17,10,8,17
"org.jfree.data.category.SlidingCategoryDatasetTest",8,3,0,4
"org.jfree.data.statistics.DefaultBoxAndWhiskerCategoryDatasetTest",9,4,0,5
"org.jfree.data.xy.XYIntervalSeriesTest",10,4,0,5
"org.jfree.chart.annotations.XYPolygonAnnotation",24,10,15,16
"org.jfree.chart.renderer.xy.SamplingXYLineRenderer",20,8,0,18
"org.jfree.data.KeyToGroupMap",13,3,13,13
"org.jfree.chart.renderer.xy.XYDotRenderer",20,11,8,18
"org.jfree.chart.renderer.xy.DeviationRenderer",17,9,7,15
"org.jfree.chart.renderer.xy.XYStepRenderer",20,12,11,19
"org.jfree.data.time.MovingAverage",4,4,0,6
"org.jfree.chart.axis.AxisTest",13,2,0,2
"org.jfree.chart.title.ImageTitle",11,5,0,10
"org.jfree.chart.plot.CombinedDomainXYPlotTest",22,12,0,14
"org.jfree.data.statistics.DefaultStatisticalCategoryDatasetTest",10,4,0,5
"org.jfree.chart.renderer.xy.StandardXYItemRendererTest",23,13,0,14
"org.jfree.data.xy.VectorSeriesTest",10,4,0,5
"org.jfree.data.xy.YIntervalSeriesTest",10,4,0,5
"org.jfree.chart.plot.CombinedDomainCategoryPlotTest",20,12,0,14
"org.jfree.chart.plot.CombinedRangeCategoryPlotTest",20,12,0,14
"org.jfree.chart.editor.DefaultTitleEditor",23,8,1,14
"org.jfree.chart.StandardChartThemeTest",16,4,0,4
"org.jfree.chart.plot.dial.DialTextAnnotation",18,6,7,14
"org.jfree.chart.annotations.XYDataImageAnnotation",17,8,0,15
"org.jfree.chart.plot.CombinedRangeXYPlotTest",22,12,0,14
"org.jfree.chart.annotations.XYLineAnnotation",24,11,19,16
"org.jfree.data.xy.DefaultXYZDataset",7,3,10,11
"org.jfree.chart.axis.PeriodAxisLabelInfo",18,4,31,7
"org.jfree.chart.util.DefaultShadowGenerator",6,1,4,6
"org.jfree.chart.axis.NumberTickUnitSource",4,1,5,5
"org.jfree.chart.renderer.xy.XYAreaRendererTest",18,11,0,11
"org.jfree.chart.plot.dial.StandardDialScaleTest",10,2,0,2
"org.jfree.chart.renderer.xy.YIntervalRendererTest",20,15,0,15
"org.jfree.data.json.impl.JSONValue",4,0,1,7
"org.jfree.data.xy.DefaultHighLowDataset",4,2,19,8
"org.jfree.chart.labels.AbstractXYItemLabelGenerator",9,4,5,9
"org.jfree.data.category.CategoryToPieDataset",8,5,9,10
"org.jfree.data.statistics.DefaultMultiValueCategoryDatasetTest",9,3,0,5
"org.jfree.data.DataUtilsTest",4,0,0,0
"org.jfree.chart.renderer.RendererUtils",3,2,1,4
"org.jfree.data.category.SlidingCategoryDataset",7,4,10,9
"org.jfree.chart.annotations.XYShapeAnnotation",24,10,15,15
"org.jfree.chart.annotations.XYBoxAnnotation",20,8,16,13
"org.jfree.chart.block.RectangleConstraint",3,3,52,3
"org.jfree.data.time.ohlc.OHLCSeriesTest",12,6,0,7
"org.jfree.chart.plot.dial.StandardDialFrame",18,5,8,13
"org.jfree.data.KeyedObjects",5,2,12,8
"org.jfree.data.xy.DefaultXYDataset",7,3,19,10
"org.jfree.chart.text.TextBlock",13,2,11,4
"org.jfree.chart.editor.DefaultChartEditor",21,7,1,13
"org.jfree.chart.ui.LCBLayout",6,0,7,0
"org.jfree.data.category.DefaultCategoryDataset",7,5,62,14
"org.jfree.data.general.Series",9,2,8,7
"org.jfree.data.statistics.HistogramDatasetTest",9,4,0,5
"org.jfree.chart.util.PaintAlpha",10,0,1,5
"org.jfree.data.xy.CategoryTableXYDataset",6,6,7,14
"org.jfree.data.time.ohlc.OHLCSeriesCollectionTest",12,5,0,6
"org.jfree.chart.renderer.xy.YIntervalRenderer",26,15,8,22
"org.jfree.chart.plot.ValueMarkerTest",18,5,0,6
"org.jfree.chart.plot.FastScatterPlotTest",14,5,0,7
"org.jfree.chart.plot.MeterPlotTest",12,4,0,4
"org.jfree.chart.block.CenterArrangement",5,1,1,3
"org.jfree.data.xy.TableXYDatasetTest",7,3,0,4
"org.jfree.chart.renderer.xy.StackedXYAreaRendererTest",21,11,0,11
"org.jfree.chart.axis.ValueAxisTest",21,10,0,12
"org.jfree.chart.axis.DateTickUnit",7,2,68,5
"org.jfree.chart.axis.MarkerAxisBand",15,3,15,7
"org.jfree.data.jdbc.JDBCCategoryDataset",10,2,0,7
"org.jfree.chart.annotations.TextAnnotation",14,6,1,10
"org.jfree.data.time.Year",5,0,228,4
"org.jfree.data.general.DefaultHeatMapDataset",3,2,17,9
"org.jfree.chart.util.ExportUtils",15,1,0,6
"org.jfree.chart.labels.AbstractCategoryItemLabelGenerator",10,6,2,13
"org.jfree.chart.annotations.XYImageAnnotation",19,7,0,12
"org.jfree.data.statistics.RegressionTest",5,3,0,4
"org.jfree.data.xy.DefaultXYZDatasetTest",7,3,0,4
"org.jfree.data.xy.XYIntervalSeriesCollection",8,5,9,10
"org.jfree.chart.text.TextFragment",14,2,4,6
"org.jfree.data.general.DefaultPieDataset",10,6,24,13
"org.jfree.chart.plot.dial.DialCap",16,5,16,11
"org.jfree.chart.block.BlockContainer",13,5,21,12
"org.jfree.data.statistics.SimpleHistogramBin",2,1,26,6
"org.jfree.chart.axis.LogarithmicAxisTest",7,1,0,6
"org.jfree.chart.util.RelativeDateFormatTest",10,0,0,0
"org.jfree.chart.title.LegendGraphicTest",15,3,0,3
"org.jfree.data.xy.DefaultOHLCDataset",3,1,13,8
"org.jfree.data.statistics.BoxAndWhiskerItem",5,1,33,3
"org.jfree.chart.HashUtils",6,3,52,9
"org.jfree.chart.labels.IntervalXYItemLabelGenerator",8,3,1,9
"org.jfree.data.DataUtils",3,2,6,5
"org.jfree.chart.renderer.xy.CandlestickRendererTest",15,7,0,7
"org.jfree.data.time.TimeSeriesTableModel",3,2,0,6
"org.jfree.data.xy.DefaultXYDatasetTest",7,3,0,4
"org.jfree.data.xy.XIntervalSeriesCollection",8,5,7,10
"org.jfree.data.KeyToGroupMapTest",6,2,0,2
"org.jfree.data.xy.XYBarDataset",3,3,7,10
"org.jfree.chart.labels.IntervalXYToolTipGenerator",8,3,0,9
"org.jfree.data.category.CategoryToPieDatasetTest",8,2,0,2
"org.jfree.chart.annotations.CategoryTextAnnotation",15,9,15,17
"org.jfree.chart.imagemap.ImageMapUtils",7,5,1,8
"org.jfree.chart.annotations.XYDrawableAnnotation",14,8,17,13
"org.jfree.chart.annotations.XYBoxAnnotationTest",17,9,0,9
"org.jfree.data.xy.YIntervalSeriesCollection",7,4,9,9
"org.jfree.chart.text.TextLine",8,1,3,3
"org.jfree.chart.util.AbstractObjectList",5,0,5,5
"org.jfree.chart.renderer.xy.XYAreaRenderer2Test",15,9,0,9
"org.jfree.chart.renderer.xy.XYDifferenceRendererTest",17,9,0,9
"org.jfree.chart.title.ShortTextTitle",9,4,6,8
"org.jfree.chart.plot.PlotRenderingInfo",14,5,77,10
"org.jfree.chart.block.LineBorder",17,5,10,8
"org.jfree.chart.axis.PeriodAxisLabelInfoTest",19,5,0,5
"org.jfree.chart.renderer.xy.XYBlockRendererTest",15,9,0,9
"org.jfree.chart.renderer.category.IntervalBarRenderer",12,8,10,13
"org.jfree.chart.renderer.category.ScatterRendererTest",12,5,0,6
"org.jfree.data.xy.VectorSeriesCollection",8,5,6,10
"org.jfree.chart.labels.BubbleXYItemLabelGenerator",11,7,24,13
"org.jfree.chart.labels.MultipleXYSeriesLabelGenerator",11,4,9,11
"org.jfree.data.ComparableObjectSeriesTest",7,2,0,5
"org.jfree.chart.PolarChartPanel",6,2,0,7
"org.jfree.chart.renderer.xy.XYStepRendererTest",13,8,0,8
"org.jfree.chart.axis.CategoryLabelPositionsTest",6,1,0,1
"org.jfree.chart.plot.PieLabelRecord",2,1,20,3
"org.jfree.chart.ui.FontChooserPanel",12,1,2,7
"org.jfree.data.statistics.BoxAndWhiskerCalculator",5,1,0,7
"org.jfree.chart.plot.MultiplePiePlotTest",18,9,0,10
"org.jfree.data.xy.DefaultTableXYDatasetTest",7,3,0,3
"org.jfree.chart.plot.CrosshairTest",13,3,0,3
"org.jfree.data.xy.DefaultHighLowDatasetTest",8,3,0,3
"org.jfree.chart.plot.DefaultDrawingSupplierTest",12,2,0,2
"org.jfree.chart.renderer.category.StatisticalLineAndShapeRendererTest",16,9,0,9
"org.jfree.chart.plot.CategoryMarkerTest",12,4,0,5
"org.jfree.data.time.TimePeriodValuesCollectionTest",7,2,0,2
"org.jfree.data.general.DefaultHeatMapDatasetTest",8,2,0,3
"org.jfree.chart.plot.ThermometerPlotTest",11,3,0,3
"org.jfree.data.time.FixedMillisecond",3,0,9,3
"org.jfree.chart.editor.DefaultPolarPlotEditor",12,4,1,13
"org.jfree.chart.axis.CategoryAxisTest",8,1,0,1
"org.jfree.chart.plot.dial.DialValueIndicatorTest",13,3,0,3
"org.jfree.chart.labels.StandardXYZToolTipGenerator",9,4,24,9
"org.jfree.chart.renderer.LookupPaintScaleTest",8,2,0,2
"org.jfree.data.gantt.SlidingGanttCategoryDatasetTest",8,3,0,3
"org.jfree.chart.plot.CrosshairState",1,0,31,1
"org.jfree.data.general.WaferMapDataset",3,1,3,4
"org.jfree.chart.renderer.category.LevelRendererTest",14,9,0,10
"org.jfree.chart.labels.BubbleXYItemLabelGeneratorTest",13,5,0,5
"org.jfree.data.xy.MatrixSeriesCollection",7,4,5,9
"org.jfree.chart.renderer.xy.XYShapeRendererTest",14,7,0,7
"org.jfree.chart.axis.ExtendedCategoryAxis",17,7,7,9
"org.jfree.chart.plot.PieLabelDistributor",1,0,1,4
"org.jfree.chart.labels.HighLowItemLabelGenerator",8,4,13,11
"org.jfree.chart.renderer.category.StandardBarPainter",10,1,8,3
"org.jfree.chart.renderer.xy.StandardXYBarPainter",10,1,8,3
"org.jfree.chart.util.ArrayUtils",1,0,2,4
"org.jfree.data.jdbc.JDBCPieDataset",10,2,0,6
"org.jfree.chart.annotations.XYDrawableAnnotationTest",10,3,0,6
"org.jfree.chart.labels.StandardXYItemLabelGeneratorTest",11,3,0,3
"org.jfree.chart.ChartTransferable",8,0,1,2
"org.jfree.data.json.JSONUtils",11,6,0,9
"org.jfree.chart.labels.AbstractPieItemLabelGenerator",7,4,2,9
"org.jfree.data.xy.CategoryTableXYDatasetTest",7,3,0,3
"org.jfree.chart.util.PaintUtils",8,0,65,8
"org.jfree.chart.annotations.XYShapeAnnotationTest",10,2,0,2
"org.jfree.chart.annotations.XYTextAnnotationTest",11,2,0,2
"org.jfree.chart.block.BlockBorder",12,4,13,6
"org.jfree.chart.StackedAreaChartTest",21,12,0,15
"org.jfree.chart.renderer.xy.XYStepAreaRendererTest",13,8,0,8
"org.jfree.data.gantt.Task",9,5,108,9
"org.jfree.chart.plot.dial.DialBackground",16,7,14,12
"org.jfree.chart.renderer.xy.XYErrorRendererTest",11,3,0,3
"org.jfree.chart.renderer.xy.AbstractXYItemRendererTest",12,8,0,9
"org.jfree.chart.axis.CategoryLabelPosition",5,1,89,1
"org.jfree.chart.labels.StandardCategoryItemLabelGeneratorTest",11,4,0,5
"org.jfree.chart.renderer.xy.StackedXYAreaRenderer2Test",19,10,0,11
"org.jfree.data.statistics.DefaultBoxAndWhiskerXYDatasetTest",9,3,0,4
"org.jfree.chart.ChartRenderingInfo",12,6,15,9
"org.jfree.chart.axis.MonthDateFormat",13,1,16,4
"org.jfree.chart.editor.DefaultNumberAxisEditor",12,4,1,14
"org.jfree.chart.renderer.xy.XYDotRendererTest",14,9,0,9
"org.jfree.data.xy.XYIntervalSeriesCollectionTest",7,3,0,3
"org.jfree.chart.annotations.CategoryPointerAnnotationTest",9,2,0,2
"org.jfree.chart.annotations.XYPointerAnnotationTest",9,2,0,2
"org.jfree.chart.util.LogFormat",4,0,12,4
"org.jfree.data.time.SimpleTimePeriodTest",6,1,0,1
"org.jfree.data.general.TestIntervalXYZDataset",2,1,1,3
"org.jfree.data.io.CSV",6,2,0,5
"org.jfree.chart.renderer.xy.XYBoxAndWhiskerRendererTest",18,7,0,8
"org.jfree.chart.annotations.TextAnnotationTest",12,2,0,3
"org.jfree.chart.title.PaintScaleLegendTest",13,5,0,5
"org.jfree.chart.PaintMap",13,3,8,9
"org.jfree.data.xy.DefaultWindDatasetTest",8,4,0,5
"org.jfree.chart.AreaChartTest",22,12,0,15
"org.jfree.chart.renderer.xy.StackedXYBarRendererTest",16,9,0,9
"org.jfree.chart.renderer.category.GroupedStackedBarRendererTest",15,9,0,9
"org.jfree.chart.labels.StandardXYZToolTipGeneratorTest",11,3,0,3
"org.jfree.chart.urls.CustomPieURLGenerator",10,3,7,10
"org.jfree.chart.BarChartTest",21,12,0,15
"org.jfree.chart.renderer.xy.HighLowRendererTest",14,7,0,7
"org.jfree.chart.XYStepChartTest",20,11,0,14
"org.jfree.data.xy.YIntervalSeriesCollectionTest",7,3,0,3
"org.jfree.data.xy.XYDataItem",3,2,8,9
"org.jfree.chart.StackedBarChartTest",20,12,0,15
"org.jfree.data.xy.XIntervalSeriesCollectionTest",7,3,0,3
"org.jfree.chart.annotations.XYPolygonAnnotationTest",10,2,0,2
"org.jfree.data.statistics.BoxAndWhiskerCalculatorTest",5,0,0,3
"org.jfree.chart.title.CompositeTitle",15,8,8,12
"org.jfree.chart.StrokeMap",13,3,8,9
"org.jfree.chart.renderer.category.IntervalBarRendererTest",15,9,0,9
"org.jfree.chart.renderer.xy.ClusteredXYBarRendererTest",10,6,0,7
"org.jfree.chart.renderer.xy.XYBubbleRendererTest",12,8,0,8
"org.jfree.data.time.SimpleTimePeriod",2,0,58,3
"org.jfree.chart.annotations.XYTitleAnnotationTest",14,9,0,9
"org.jfree.data.statistics.SimpleHistogramBinTest",6,2,0,2
"org.jfree.data.time.RegularTimePeriod",6,1,19,8
"org.jfree.chart.urls.TimeSeriesURLGenerator",7,2,16,5
"org.jfree.data.general.DefaultPieDatasetTest",7,2,0,3
"org.jfree.data.xy.MatrixSeriesTest",6,2,0,2
"org.jfree.chart.plot.PlotTest",13,2,0,2
"org.jfree.chart.plot.MeterInterval",13,5,12,6
"org.jfree.chart.urls.CustomXYURLGenerator",5,2,6,8
"org.jfree.chart.annotations.XYLineAnnotationTest",10,2,0,2
"org.jfree.chart.plot.RingPlotTest",12,2,0,2
"org.jfree.chart.urls.CustomCategoryURLGenerator",5,2,6,10
"org.jfree.chart.urls.StandardCategoryURLGenerator",6,3,21,7
"org.jfree.chart.LineChartTest",20,12,0,15
"org.jfree.chart.PaintMapTest",7,1,0,2
"org.jfree.chart.XYBarChartTest",21,13,0,16
"org.jfree.data.general.AbstractDataset",11,1,14,5
"org.jfree.chart.entity.StandardEntityCollection",10,3,12,7
"org.jfree.chart.plot.dial.DialPointerTest",8,2,0,2
"org.jfree.data.time.TimeTableXYDatasetTest",7,2,0,3
"org.jfree.chart.needle.LongNeedle",6,0,5,6
"org.jfree.chart.title.CompositeTitleTest",13,5,0,6
"org.jfree.chart.axis.CategoryLabelPositionTest",8,1,0,1
"org.jfree.chart.util.LineUtils",2,0,4,1
"org.jfree.chart.labels.StandardPieSectionLabelGeneratorTest",10,3,0,3
"org.jfree.chart.urls.CustomCategoryURLGeneratorTest",9,3,0,4
"org.jfree.chart.urls.CustomXYURLGeneratorTest",9,3,0,4
"org.jfree.chart.plot.dial.DialCapTest",9,2,0,2
"org.jfree.chart.labels.StandardPieSectionLabelGenerator",12,2,18,8
"org.jfree.chart.ui.UIUtils",15,0,0,7
"org.jfree.data.json.impl.JSONObject",5,0,0,7
"org.jfree.chart.ScatterPlotTest",19,11,0,14
"org.jfree.chart.StrokeMapTest",6,1,0,1
"org.jfree.chart.TimeSeriesChartTest",19,11,0,14
"org.jfree.chart.XYAreaChartTest",19,11,0,14
"org.jfree.chart.XYLineChartTest",19,11,0,14
"org.jfree.chart.XYStepAreaChartTest",19,11,0,14
"org.jfree.chart.labels.StandardXYToolTipGeneratorTest",11,3,0,3
"org.jfree.chart.title.LegendTitleTest",14,3,0,3
"org.jfree.chart.renderer.category.MinMaxCategoryRendererTest",16,8,0,8
"org.jfree.data.KeyedValueComparator",4,1,2,3
"org.jfree.chart.renderer.xy.WindItemRenderer",16,7,8,15
"org.jfree.chart.plot.IntervalMarker",9,3,16,6
"org.jfree.data.xml.DatasetReader",14,3,0,4
"org.jfree.chart.title.TextTitleTest",10,2,0,2
"org.jfree.chart.renderer.GrayPaintScale",5,2,16,6
"org.jfree.chart.editor.DefaultLogAxisEditor",8,3,1,12
"org.jfree.chart.labels.StandardCategoryToolTipGeneratorTest",10,3,0,3
"org.jfree.chart.entity.PieSectionEntity",5,3,11,5
"org.jfree.chart.axis.QuarterDateFormat",11,1,12,3
"org.jfree.chart.axis.ExtendedCategoryAxisTest",8,1,0,1
"org.jfree.chart.axis.SubCategoryAxisTest",16,5,0,6
"org.jfree.chart.plot.dial.ArcDialFrameTest",9,2,0,2
"org.jfree.chart.block.AbstractBlockTest",9,2,0,3
"org.jfree.chart.plot.PiePlotState",2,1,1,2
"org.jfree.data.xy.DefaultOHLCDatasetTest",9,4,0,4
"org.jfree.chart.annotations.CategoryLineAnnotationTest",8,2,0,2
"org.jfree.data.gantt.TaskSeries",7,3,37,5
"org.jfree.chart.entity.AxisEntity",9,5,1,8
"org.jfree.chart.entity.JFreeChartEntity",9,5,1,8
"org.jfree.chart.entity.PlotEntity",9,5,1,8
"org.jfree.chart.entity.TitleEntity",9,5,2,8
"org.jfree.chart.annotations.AbstractXYAnnotation",9,6,9,9
"org.jfree.chart.ui.StandardGradientPaintTransformer",5,1,16,6
"org.jfree.chart.axis.CategoryTickTest",9,3,0,3
"org.jfree.data.general.DefaultKeyedValueDataset",4,3,9,7
"org.jfree.chart.needle.ArrowNeedle",8,1,8,7
"org.jfree.chart.plot.dial.DialBackgroundTest",10,3,0,3
"org.jfree.data.xy.OHLCDataItem",3,1,13,3
"org.jfree.chart.labels.CustomXYToolTipGenerator",5,2,3,10
"org.jfree.chart.labels.IntervalCategoryToolTipGeneratorTest",11,3,0,3
"org.jfree.chart.labels.StandardPieToolTipGeneratorTest",9,3,0,3
"org.jfree.chart.labels.BoxAndWhiskerXYToolTipGeneratorTest",8,2,0,2
"org.jfree.chart.axis.MonthDateFormatTest",8,1,0,1
"org.jfree.data.xy.MatrixSeries",2,1,20,5
"org.jfree.chart.plot.IntervalMarkerTest",11,6,0,7
"org.jfree.chart.axis.DateTickTest",7,1,0,1
"org.jfree.chart.plot.dial.DialTextAnnotationTest",9,2,0,2
"org.jfree.chart.block.LabelBlockTest",11,2,0,2
"org.jfree.chart.plot.dial.AbstractDialLayer",7,1,9,4
"org.jfree.chart.renderer.category.AreaRendererTest",14,9,0,9
"org.jfree.data.gantt.XYTaskDatasetTest",7,2,0,2
"org.jfree.data.xy.XYDatasetTableModel",4,2,0,4
"org.jfree.data.xy.VectorSeriesCollectionTest",7,3,0,3
"org.jfree.chart.axis.TickUnits",5,0,5,5
"org.jfree.data.KeyedValues2DItemKey",3,2,2,8
"org.jfree.chart.ui.StrokeSample",13,0,3,1
"org.jfree.data.json.impl.JSONArray",5,0,0,4
"org.jfree.data.xy.XYCoordinate",1,0,19,2
"org.jfree.chart.renderer.category.WaterfallBarRendererTest",9,3,0,3
"org.jfree.chart.renderer.Outlier",1,0,7,2
"org.jfree.data.xy.XYItemKey",4,3,1,8
"org.jfree.chart.labels.SymbolicXYItemLabelGenerator",8,7,7,15
"org.jfree.chart.urls.StandardPieURLGenerator",6,3,17,6
"org.jfree.data.time.ohlc.OHLCItemTest",7,3,0,3
"org.jfree.chart.needle.PointerNeedle",5,0,5,6
"org.jfree.data.xy.XYIntervalDataItemTest",6,2,0,3
"org.jfree.chart.ChartColor",2,0,1,0
"org.jfree.chart.title.LegendItemBlockContainer",12,9,1,12
"org.jfree.chart.renderer.category.StackedBarRendererTest",10,5,0,5
"org.jfree.chart.plot.dial.StandardDialFrameTest",9,2,0,2
"org.jfree.chart.plot.CompassPlotTest",10,3,0,3
"org.jfree.chart.block.RectangleConstraintTest",4,2,0,2
"org.jfree.chart.annotations.AbstractAnnotation",10,2,3,6
"org.jfree.chart.renderer.category.StackedAreaRendererTest",10,5,0,5
"org.jfree.chart.renderer.xy.XYSplineRendererTest",10,4,0,4
"org.jfree.chart.axis.CyclicNumberAxisTest",9,1,0,1
"org.jfree.chart.ChartRenderingInfoTest",10,3,0,3
"org.jfree.data.statistics.MeanAndStandardDeviation",3,1,9,2
"org.jfree.chart.labels.StandardCategorySeriesLabelGeneratorTest",8,4,0,4
"org.jfree.chart.WaterfallChartTest",16,8,0,10
"org.jfree.chart.urls.TimeSeriesURLGeneratorTest",8,3,0,4
"org.jfree.data.xy.XYBarDatasetTest",7,3,0,3
"org.jfree.chart.entity.PieSectionEntityTest",8,3,0,3
"org.jfree.chart.axis.AxisState",4,0,25,1
"org.jfree.data.time.TimePeriodValue",2,1,8,5
"org.jfree.data.time.TimeSeriesDataItem",3,2,11,8
"org.jfree.chart.block.ColorBlock",10,4,10,8
"org.jfree.chart.util.ShapeList",4,0,1,3
"org.jfree.chart.util.PaintList",4,0,3,3
"org.jfree.chart.labels.StandardXYSeriesLabelGeneratorTest",9,5,0,5
"org.jfree.chart.labels.IntervalCategoryItemLabelGeneratorTest",9,2,0,2
"org.jfree.chart.labels.MultipleXYSeriesLabelGeneratorTest",6,2,0,2
"org.jfree.chart.renderer.GrayPaintScaleTest",7,2,0,2
"org.jfree.chart.entity.CategoryItemEntityTest",8,3,0,3
"org.jfree.chart.entity.CategoryItemEntity",5,3,6,6
"org.jfree.chart.axis.Tick",4,2,2,4
"org.jfree.chart.renderer.category.LayeredBarRendererTest",12,8,0,8
"org.jfree.data.function.PolynomialFunction2DTest",6,1,0,1
"org.jfree.chart.renderer.category.GanttRendererTest",8,2,0,2
"org.jfree.chart.renderer.category.CategoryItemRendererState",3,3,3,5
"org.jfree.chart.ui.Size2D",2,1,32,5
"org.jfree.chart.axis.TickUnit",1,0,3,4
"org.jfree.chart.labels.ItemLabelPosition",3,1,17,1
"org.jfree.chart.plot.CategoryCrosshairState",2,1,3,3
"org.jfree.chart.labels.IntervalCategoryToolTipGenerator",4,2,13,4
"org.jfree.chart.renderer.category.CategoryStepRendererTest",13,9,0,9
"org.jfree.chart.axis.QuarterDateFormatTest",6,1,0,1
"org.jfree.chart.util.CloneUtils",8,0,210,5
"org.jfree.chart.MouseWheelHandler",8,4,1,6
"org.jfree.chart.annotations.CategoryTextAnnotationTest",7,2,0,2
"org.jfree.data.statistics.HistogramBin",1,0,6,3
"org.jfree.chart.util.StrokeList",4,0,3,3
"org.jfree.chart.labels.StandardCrosshairLabelGenerator",4,1,2,4
"org.jfree.data.xml.ItemHandler",3,0,3,2
"org.jfree.data.ComparableObjectItemTest",9,2,0,2
"org.jfree.chart.plot.dial.StandardDialRangeTest",8,2,0,2
"org.jfree.data.gantt.TaskTest",8,3,0,3
"org.jfree.chart.util.LineUtilsTest",5,0,0,2
"org.jfree.chart.plot.CategoryMarker",8,2,32,5
"org.jfree.chart.needle.MiddlePinNeedle",7,0,5,6
"org.jfree.chart.urls.StandardPieURLGeneratorTest",7,3,0,3
"org.jfree.chart.block.ColorBlockTest",9,1,0,2
"org.jfree.data.xml.ValueHandler",3,0,2,5
"org.jfree.chart.urls.StandardXYURLGenerator",4,3,5,5
"org.jfree.chart.labels.StandardXYToolTipGenerator",5,2,33,7
"org.jfree.data.DefaultKeyedValue",3,2,14,6
"org.jfree.chart.encoders.SunJPEGEncoderAdapter",11,1,0,4
"org.jfree.data.time.ohlc.OHLC",2,1,15,1
"org.jfree.chart.imagemap.ImageMapUtilsTest",10,5,0,5
"org.jfree.chart.needle.PinNeedle",7,0,5,6
"org.jfree.data.gantt.TaskSeriesTest",7,2,0,2
"org.jfree.chart.entity.XYItemEntityTest",8,3,0,3
"org.jfree.chart.plot.PieLabelRecordTest",5,2,0,2
"org.jfree.chart.labels.StandardXYItemLabelGenerator",5,2,22,7
"org.jfree.chart.labels.StandardXYSeriesLabelGenerator",6,4,13,10
"org.jfree.data.xy.XYInterval",1,0,15,0
"org.jfree.data.xml.CategorySeriesHandler",5,1,1,4
"org.jfree.chart.labels.HighLowItemLabelGeneratorTest",10,3,0,3
"org.jfree.chart.plot.PlotRenderingInfoTest",9,3,0,3
"org.jfree.data.xy.IntervalXYDelegateTest",6,2,0,2
"org.jfree.chart.labels.StandardCategorySeriesLabelGenerator",6,4,12,10
"org.jfree.data.KeyedObject",4,2,12,5
"org.jfree.chart.labels.BoxAndWhiskerToolTipGeneratorTest",8,3,0,3
"org.jfree.chart.labels.BoxAndWhiskerXYToolTipGenerator",7,2,17,8
"org.jfree.chart.title.DateTitleTest",8,2,0,2
"org.jfree.chart.urls.StandardCategoryURLGeneratorTest",7,3,0,3
"org.jfree.chart.LegendItemCollectionTest",10,1,0,1
"org.jfree.chart.entity.XYItemEntity",2,1,10,4
"org.jfree.chart.entity.LegendItemEntity",4,2,5,5
"org.jfree.data.ComparableObjectItem",3,2,25,7
"org.jfree.data.xy.XYIntervalDataItem",1,1,18,2
"org.jfree.chart.PieChart3DTest",12,5,0,8
"org.jfree.data.statistics.SimpleHistogramDatasetTest",6,2,0,2
"org.jfree.chart.LegendItemCollection",6,1,30,3
"org.jfree.chart.axis.CategoryTick",4,2,17,4
"org.jfree.data.DefaultKeyedValueTest",7,2,0,2
"org.jfree.data.KeyedObjectTest",8,3,0,3
"org.jfree.data.xy.VectorDataItemTest",6,2,0,2
"org.jfree.data.xy.XIntervalDataItemTest",6,2,0,2
"org.jfree.data.xy.YIntervalDataItemTest",6,2,0,3
"org.jfree.chart.block.ColumnArrangementTest",7,1,0,1
"org.jfree.chart.block.FlowArrangementTest",7,1,0,1
"org.jfree.chart.entity.LegendItemEntityTest",8,3,0,3
"org.jfree.chart.axis.NumberTickUnit",3,1,28,4
"org.jfree.chart.labels.IntervalCategoryItemLabelGenerator",6,3,12,7
"org.jfree.chart.util.LogFormatTest",6,1,0,1
"org.jfree.data.xy.MatrixSeriesCollectionTest",7,3,0,3
"org.jfree.chart.entity.StandardEntityCollectionTest",8,3,0,3
"org.jfree.chart.encoders.EncoderUtil",3,0,1,0
"org.jfree.data.xml.KeyHandler",3,0,1,4
"org.jfree.chart.urls.CustomPieURLGeneratorTest",9,3,0,4
"org.jfree.chart.axis.MarkerAxisBandTest",6,1,0,1
"org.jfree.chart.encoders.ImageEncoderFactory",2,0,0,3
"org.jfree.chart.labels.BoxAndWhiskerToolTipGenerator",6,3,13,9
"org.jfree.chart.axis.SymbolAxisTest",7,2,0,2
"org.jfree.chart.block.LineBorderTest",9,2,0,2
"org.jfree.chart.entity.CategoryLabelEntityTest",7,2,0,2
"org.jfree.chart.plot.PiePlot3DTest",10,3,0,4
"org.jfree.chart.ui.Align",1,0,4,1
"org.jfree.data.time.ohlc.OHLCItem",2,2,18,4
"org.jfree.chart.needle.PlumNeedle",6,0,5,5
"org.jfree.data.function.NormalDistributionFunction2D",2,1,8,3
"org.jfree.data.time.ohlc.OHLCTest",5,1,0,1
"org.jfree.data.general.HeatMapUtils",8,5,0,6
"org.jfree.chart.util.DirectionalGradientPaintTransformer",4,1,0,4
"org.jfree.data.xy.XYIntervalSeries",3,3,33,5
"org.jfree.chart.renderer.OutlierList",3,0,4,1
"org.jfree.chart.renderer.OutlierListCollection",3,0,2,1
"org.jfree.chart.axis.AxisCollection",4,0,2,0
"org.jfree.data.KeyedValuesItemKey",3,1,0,4
"org.jfree.chart.renderer.xy.VectorRendererTest",7,2,0,2
"org.jfree.chart.needle.ShipNeedle",6,0,5,6
"org.jfree.chart.axis.CompassFormat",4,1,0,4
"org.jfree.data.xy.Vector",1,0,11,2
"org.jfree.data.xml.CategoryDatasetHandler",5,2,1,5
"org.jfree.chart.renderer.xy.DeviationRendererTest",6,2,0,2
"org.jfree.chart.renderer.category.GradientBarPainterTest",6,2,0,2
"org.jfree.chart.renderer.xy.GradientXYBarPainterTest",6,2,0,2
"org.jfree.chart.labels.StandardCategoryItemLabelGenerator",5,2,21,7
"org.jfree.data.general.DefaultKeyedValueDatasetTest",6,2,0,2
"org.jfree.chart.util.HexNumberFormat",3,0,0,4
"org.jfree.chart.util.ObjectUtils",2,0,128,2
"org.jfree.chart.util.ResourceBundleWrapper",6,0,18,0
"org.jfree.chart.renderer.DefaultPolarItemRendererTest",6,2,0,2
"org.jfree.chart.renderer.OutlierTest",6,0,0,0
"org.jfree.chart.axis.AxisSpaceTest",4,0,0,0
"org.jfree.chart.block.BlockBorderTest",9,2,0,2
"org.jfree.chart.entity.TickLabelEntityTest",7,2,0,2
"org.jfree.chart.entity.CategoryLabelEntity",4,3,7,6
"org.jfree.data.xml.PieDatasetHandler",5,2,1,5
"org.jfree.chart.needle.WindNeedle",4,0,5,4
"org.jfree.data.time.DateRangeTest",6,1,0,1
"org.jfree.chart.block.EmptyBlockTest",7,2,0,3
"org.jfree.chart.plot.MeterIntervalTest",8,2,0,2
"org.jfree.data.xy.XYIntervalTest",5,1,0,1
"org.jfree.chart.needle.MeterNeedleTest",7,0,0,0
"org.jfree.data.xy.VectorSeries",3,3,27,5
"org.jfree.data.time.DateRange",4,1,12,3
"org.jfree.chart.labels.SymbolicXYItemLabelGeneratorTest",6,3,0,3
"org.jfree.chart.labels.StandardCategoryToolTipGenerator",4,1,30,4
"org.jfree.chart.plot.ValueMarker",3,1,58,3
"org.jfree.data.general.DatasetGroup",3,1,4,4
"org.jfree.chart.ui.PaintSample",8,0,5,1
"org.jfree.chart.renderer.category.DefaultCategoryItemRendererTest",6,3,0,3
"org.jfree.chart.axis.NumberTickUnitTest",6,1,0,1
"org.jfree.data.xy.VectorTest",5,1,0,1
"org.jfree.data.xy.XYCoordinateTest",5,1,0,1
"org.jfree.chart.text.AttributedStringUtils",4,0,2,0
"org.jfree.data.general.DefaultValueDataset",3,2,5,7
"org.jfree.data.function.LineFunction2D",2,1,9,2
"org.jfree.data.function.PowerFunction2D",2,1,8,3
"org.jfree.chart.axis.DateTick",4,2,25,4
"org.jfree.chart.axis.ValueTick",1,0,7,2
"org.jfree.chart.renderer.xy.WindItemRendererTest",5,2,0,2
"org.jfree.chart.axis.ModuloAxisTest",6,2,0,2
"org.jfree.chart.title.ShortTextTitleTest",6,2,0,2
"org.jfree.data.function.NormalDistributionFunction2DTest",4,1,0,1
"org.jfree.chart.panel.CrosshairOverlayTest",10,3,0,3
"org.jfree.data.xy.YInterval",1,0,11,0
"org.jfree.data.xy.YWithXInterval",1,0,11,0
"org.jfree.chart.needle.LineNeedle",6,0,7,4
"org.jfree.data.xy.AbstractIntervalXYDataset",0,0,14,3
"org.jfree.chart.plot.dial.AbstractDialLayerTest",6,2,0,2
"org.jfree.chart.TestUtils",9,0,289,2
"org.jfree.chart.title.TitleTest",7,0,0,0
"org.jfree.data.time.MovingAverageTest",3,1,0,2
"org.jfree.data.xy.XIntervalSeries",3,3,28,5
"org.jfree.chart.block.BlockContainerTest",6,2,0,2
"org.jfree.chart.labels.CustomXYItemLabelGeneratorTest",8,3,0,4
"org.jfree.data.xy.YIntervalSeries",3,3,28,5
"org.jfree.chart.axis.StandardTickUnitSource",2,0,3,3
"org.jfree.data.xml.RootHandler",3,0,2,3
"org.jfree.chart.PieChartTest",8,4,0,6
"org.jfree.data.DomainOrderTest",6,1,0,1
"org.jfree.data.RangeTypeTest",6,1,0,1
"org.jfree.data.function.PolynomialFunction2D",4,2,11,5
"org.jfree.data.time.ohlc.OHLCSeries",4,4,34,6
"org.jfree.chart.labels.StandardPieToolTipGenerator",5,2,17,7
"org.jfree.chart.renderer.xy.XYItemRendererState",5,4,9,5
"org.jfree.chart.title.DateTitle",11,1,6,2
"org.jfree.data.xy.XIntervalDataItem",1,1,14,2
"org.jfree.data.xy.YIntervalDataItem",1,1,14,2
"org.jfree.data.function.PowerFunction2DTest",5,1,0,1
"org.jfree.data.xy.YIntervalTest",5,1,0,1
"org.jfree.data.xy.YWithXIntervalTest",5,1,0,1
"org.jfree.chart.encoders.SunPNGEncoderAdapter",6,1,0,3
"org.jfree.data.xy.VectorDataItem",1,1,15,2
"org.jfree.chart.renderer.category.StandardBarPainterTest",6,2,0,2
"org.jfree.chart.renderer.xy.StandardXYBarPainterTest",6,2,0,2
"org.jfree.data.function.LineFunction2DTest",4,1,0,1
"org.jfree.data.time.FixedMillisecondTest",6,1,0,1
"org.jfree.chart.renderer.PolarItemRenderer",12,9,2,9
"org.jfree.chart.ui.ApplicationFrame",3,0,0,2
"org.jfree.chart.event.ChartProgressEvent",2,2,2,2
"org.jfree.data.xy.NormalizedMatrixSeries",0,0,0,1
"org.jfree.chart.entity.XYAnnotationEntity",2,0,1,2
"org.jfree.chart.axis.DateTickMarkPositionTest",5,1,0,1
"org.jfree.chart.event.ChartChangeEvent",3,2,31,2
"org.jfree.chart.block.EmptyBlock",5,2,208,8
"org.jfree.chart.panel.AbstractOverlay",6,5,1,6
"org.jfree.data.time.TimePeriodValueTest",5,1,0,1
"org.jfree.chart.axis.TickUnitsTest",6,2,0,2
"org.jfree.data.statistics.HistogramBinTest",5,2,0,2
"org.jfree.data.statistics.MeanAndStandardDeviationTest",5,1,0,1
"org.jfree.data.time.TimeSeriesDataItemTest",5,1,0,1
"org.jfree.data.xy.XYDataItemTest",6,2,0,2
"org.jfree.chart.needle.ArrowNeedleTest",5,2,0,2
"org.jfree.chart.util.HMSNumberFormat",4,0,1,2
"org.jfree.chart.axis.AxisLocationTest",4,1,0,1
"org.jfree.chart.axis.CategoryAnchorTest",5,1,0,1
"org.jfree.chart.renderer.RendererState",3,3,3,3
"org.jfree.chart.renderer.xy.RendererXYPackageUtils",4,4,0,4
"org.jfree.chart.block.BlockParams",0,0,2,1
"org.jfree.chart.ui.FontDisplayField",4,1,2,4
"org.jfree.chart.ui.StrokeChooserPanel",6,0,2,3
"org.jfree.chart.axis.CategoryLabelWidthTypeTest",4,1,0,1
"org.jfree.chart.ui.NumberCellRenderer",5,0,1,3
"org.jfree.data.general.DefaultKeyedValues2DDatasetTest",5,2,0,3
"org.jfree.data.general.AbstractSeriesDataset",1,0,3,5
"org.jfree.data.xy.AbstractXYDataset",2,1,11,4
"org.jfree.chart.axis.DateTickUnitTest",4,1,0,1
"org.jfree.chart.needle.LineNeedleTest",4,2,0,2
"org.jfree.chart.needle.LongNeedleTest",4,2,0,2
"org.jfree.chart.needle.MiddlePinNeedleTest",4,2,0,2
"org.jfree.chart.needle.PinNeedleTest",4,2,0,2
"org.jfree.chart.needle.PlumNeedleTest",4,2,0,2
"org.jfree.chart.needle.PointerNeedleTest",4,2,0,2
"org.jfree.chart.needle.ShipNeedleTest",4,2,0,2
"org.jfree.chart.needle.WindNeedleTest",4,2,0,2
"org.jfree.data.general.DefaultKeyedValuesDatasetTest",5,2,0,2
"org.jfree.chart.urls.URLUtilities",3,0,0,2
"org.jfree.chart.ChartMouseEvent",4,1,2,1
"org.jfree.data.xy.OHLCDataItemTest",6,1,0,1
"org.jfree.chart.plot.PlotOrientationTest",4,1,0,1
"org.jfree.chart.util.StringUtils",0,0,2,2
"org.jfree.chart.ChartHints",1,0,1,1
"org.jfree.data.statistics.BoxAndWhiskerCategoryDataset",2,1,5,2
"org.jfree.chart.plot.AbstractPieLabelDistributor",3,1,1,1
"org.jfree.chart.ChartFrame",3,0,0,0
"org.jfree.data.statistics.BoxAndWhiskerItemTest",5,1,0,1
"org.jfree.chart.util.BooleanList",0,0,7,2
"org.jfree.chart.util.Args",0,0,206,0
"org.jfree.chart.MeterChartTest",8,4,0,5
"org.jfree.chart.plot.Zoomable",2,1,7,1
"org.jfree.chart.util.ObjectList",0,0,4,1
"org.jfree.data.general.IntervalDataItem",0,0,2,0
"org.jfree.chart.imagemap.DynamicDriveToolTipTagFragmentGenerator",0,0,0,1
"org.jfree.chart.renderer.AreaRendererEndTypeTest",3,1,0,1
"org.jfree.chart.event.RendererChangeEvent",0,0,49,1
"org.jfree.chart.plot.MyPlotChangeListener",2,2,2,3
"org.jfree.chart.renderer.RendererChangeDetector",2,2,2,3
"org.jfree.chart.axis.NumberTick",1,0,14,2
"org.jfree.chart.axis.StandardTickUnitSourceTest",4,1,0,1
"org.jfree.chart.urls.StandardXYURLGeneratorTest",5,2,0,2
"org.jfree.chart.editor.ChartEditorManager",2,2,1,2
"org.jfree.chart.text.G2TextMeasurer",3,0,4,4
"org.jfree.chart.labels.ItemLabelAnchorTest",4,1,0,1
"org.jfree.chart.labels.ItemLabelPositionTest",3,1,0,1
"org.jfree.data.time.TimePeriodAnchorTest",3,1,0,1
"org.jfree.data.statistics.BoxAndWhiskerXYDataset",2,1,5,2
"org.jfree.chart.HashUtilsTest",3,0,0,0
"org.jfree.chart.imagemap.DynamicDriveToolTipTagFragmentGeneratorTest",2,0,0,0
"org.jfree.chart.imagemap.OverLIBToolTipTagFragmentGeneratorTest",2,0,0,0
"org.jfree.chart.util.ArgsTest",2,0,0,0
"org.jfree.data.gantt.GanttCategoryDataset",1,1,3,2
"org.jfree.chart.block.BlockResult",1,1,5,2
"org.jfree.chart.resources.JFreeChartResources",1,0,0,0
"org.jfree.chart.imagemap.StandardURLTagFragmentGeneratorTest",2,0,0,0
"org.jfree.chart.util.HMSNumberFormatTest",2,0,0,0
"org.jfree.chart.date.MonthConstants",0,0,14,0
"org.jfree.chart.block.Block",4,2,8,3
"org.jfree.chart.plot.dial.DialLayer",4,0,9,0
"org.jfree.chart.axis.LogTick",2,0,4,1
"org.jfree.chart.event.AnnotationChangeEvent",2,2,14,3
"org.jfree.chart.plot.PlotState",4,2,5,2
"org.jfree.chart.imagemap.StandardToolTipTagFragmentGeneratorTest",2,0,0,0
"org.jfree.chart.title.ImageTitleTest",8,2,0,2
"org.jfree.data.general.HeatMapDataset",0,0,1,0
"org.jfree.data.xy.OHLCDataset",0,0,10,1
"org.jfree.chart.entity.EntityCollection",2,0,62,0
"org.jfree.chart.encoders.ImageEncoder",3,0,2,0
"org.jfree.chart.imagemap.OverLIBToolTipTagFragmentGenerator",0,0,4,1
"org.jfree.data.xy.AbstractXYZDataset",0,0,2,3
"org.jfree.data.KeyedValues2D",1,0,3,1
"org.jfree.chart.plot.DrawingSupplier",3,0,7,0
"org.jfree.chart.plot.Pannable",2,1,4,1
"org.jfree.chart.event.AxisChangeEvent",1,1,13,2
"org.jfree.chart.event.MarkerChangeEvent",1,1,9,2
"org.jfree.chart.event.PlotChangeEvent",1,1,22,2
"org.jfree.chart.event.TitleChangeEvent",1,1,7,2
"org.jfree.chart.imagemap.StandardToolTipTagFragmentGenerator",0,0,6,1
"org.jfree.chart.plot.dial.DialLayerChangeEvent",1,1,72,2
"org.jfree.data.resources.DataPackageResources",1,0,0,0
"org.jfree.data.resources.DataPackageResources_de",1,0,0,0
"org.jfree.data.resources.DataPackageResources_es",1,0,0,0
"org.jfree.data.resources.DataPackageResources_fr",1,0,0,0
"org.jfree.data.resources.DataPackageResources_pl",1,0,0,0
"org.jfree.data.resources.DataPackageResources_ru",1,0,0,0
"org.jfree.data.general.DatasetGroupTest",3,1,0,1
"org.jfree.data.xy.IntervalXYDataset",0,0,30,1
"org.jfree.chart.axis.Timeline",1,0,1,0
"org.jfree.data.xy.XYDataset",2,1,89,2
"org.jfree.data.general.SeriesDataset",5,5,2,6
"org.jfree.chart.imagemap.StandardURLTagFragmentGenerator",0,0,6,1
"org.jfree.chart.labels.PieSectionLabelGenerator",5,1,3,1
"org.jfree.chart.renderer.category.BarPainter",3,0,3,0
"org.jfree.chart.renderer.xy.XYBarPainter",3,0,3,0
"org.jfree.data.general.DatasetChangeEvent",0,0,44,0
"org.jfree.chart.annotations.XYAnnotation",5,3,5,4
"org.jfree.data.xy.IntervalXYZDataset",0,0,4,1
"org.jfree.chart.block.Arrangement",2,1,7,1
"org.jfree.chart.editor.DefaultChartEditorFactory",1,1,1,2
"org.jfree.chart.annotations.CategoryAnnotation",5,3,3,4
"org.jfree.chart.entity.TickLabelEntity",2,0,5,2
"org.jfree.data.statistics.StatisticalCategoryDataset",1,1,4,2
"org.jfree.chart.panel.Overlay",3,2,4,2
"org.jfree.chart.block.BlockFrame",4,2,3,2
"org.jfree.chart.urls.StandardXYZURLGenerator",1,1,1,3
"org.jfree.data.general.SeriesChangeEvent",2,0,20,0
"org.jfree.data.xml.DatasetTags",0,0,7,0
"org.jfree.data.category.IntervalCategoryDataset",0,0,9,1
"org.jfree.data.KeyedValues",1,0,6,1
"org.jfree.chart.renderer.PaintScale",2,1,6,1
"org.jfree.data.statistics.MultiValueCategoryDataset",2,1,4,2
"org.jfree.chart.plot.dial.MyDialLayerChangeListener",0,0,11,1
"org.jfree.chart.event.OverlayChangeEvent",2,1,3,1
"org.jfree.chart.imagemap.URLTagFragmentGenerator",4,4,3,4
"org.jfree.data.general.SeriesException",1,0,7,1
"org.jfree.data.general.Dataset",0,0,11,0
"org.jfree.chart.annotations.XYAnnotationBoundsInfo",1,1,2,1
"org.jfree.chart.labels.CategoryItemLabelGenerator",1,1,14,1
"org.jfree.chart.util.ShadowGenerator",1,0,9,0
"org.jfree.chart.annotations.Annotation",2,2,9,2
"org.jfree.chart.plot.dial.DialFrame",3,0,2,1
"org.jfree.data.category.CategoryRangeInfo",2,1,1,1
"org.jfree.data.xy.XYDomainInfo",2,1,2,1
"org.jfree.data.xy.XYRangeInfo",2,1,2,1
"org.jfree.chart.renderer.category.DefaultCategoryItemRenderer",2,1,8,2
"org.jfree.data.general.DefaultKeyedValues2DDataset",2,1,2,3
"org.jfree.chart.axis.TickUnitSource",0,0,3,0
"org.jfree.data.DomainInfo",0,0,9,0
"org.jfree.data.RangeInfo",0,0,9,0
"org.jfree.data.Values2D",0,0,1,0
"org.jfree.data.xy.VectorXYDataset",0,0,2,1
"org.jfree.data.xy.XisSymbolic",0,0,1,0
"org.jfree.data.xy.YisSymbolic",0,0,1,0
"org.jfree.chart.ChartMouseListener",1,0,1,0
"org.jfree.data.time.TimePeriod",1,0,5,1
"org.jfree.chart.editor.ChartEditor",2,1,2,1
"org.jfree.chart.event.AnnotationChangeListener",2,1,6,1
"org.jfree.chart.event.MarkerChangeListener",2,1,8,1
"org.jfree.chart.event.OverlayChangeListener",2,1,3,1
"org.jfree.chart.plot.ValueAxisPlot",2,2,11,2
"org.jfree.chart.plot.XYCrosshairState",1,1,0,2
"org.jfree.chart.renderer.NotOutlierException",0,0,0,1
"org.jfree.chart.ui.Drawable",2,0,5,0
"org.jfree.chart.ui.GradientPaintTransformer",2,0,17,0
"org.jfree.chart.urls.CategoryURLGenerator",1,1,13,1
"org.jfree.data.json.impl.JSONStreamAware",2,0,2,0
"org.jfree.data.time.TimePeriodFormatException",0,0,10,1
"org.jfree.data.UnknownKeyException",0,0,29,1
"org.jfree.chart.encoders.ImageFormat",0,0,1,0
"org.jfree.chart.renderer.xy.DefaultXYItemRenderer",1,0,1,1
"org.jfree.data.category.CategoryDataset",2,2,66,4
"org.jfree.chart.plot.dial.DialScale",0,0,1,1
"org.jfree.data.Values",0,0,1,0
"org.jfree.data.xy.WindDataset",0,0,3,1
"org.jfree.data.xy.XYZDataset",0,0,15,1
"org.jfree.chart.block.EntityBlockResult",1,1,4,1
"org.jfree.chart.editor.ChartEditorFactory",1,1,1,1
"org.jfree.chart.event.AxisChangeListener",1,0,4,0
"org.jfree.chart.event.ChartChangeListener",1,0,23,0
"org.jfree.chart.event.ChartProgressListener",1,0,2,0
"org.jfree.chart.event.PlotChangeListener",1,0,9,0
"org.jfree.chart.event.RendererChangeListener",1,0,10,0
"org.jfree.chart.event.TitleChangeListener",1,0,2,0
"org.jfree.chart.labels.CategorySeriesLabelGenerator",1,1,2,1
"org.jfree.chart.labels.CategoryToolTipGenerator",1,1,12,1
"org.jfree.chart.labels.CrosshairLabelGenerator",1,1,2,1
"org.jfree.chart.labels.PieToolTipGenerator",1,1,5,1
"org.jfree.chart.labels.XYItemLabelGenerator",1,1,11,1
"org.jfree.chart.labels.XYSeriesLabelGenerator",1,1,8,1
"org.jfree.chart.labels.XYToolTipGenerator",1,1,29,1
"org.jfree.chart.labels.XYZToolTipGenerator",1,1,1,2
"org.jfree.chart.plot.dial.DialLayerChangeListener",1,0,2,0
"org.jfree.chart.urls.PieURLGenerator",1,1,6,1
"org.jfree.chart.urls.XYURLGenerator",1,1,19,1
"org.jfree.chart.urls.XYZURLGenerator",1,1,2,2
"org.jfree.data.general.DatasetChangeListener",1,0,11,0
"org.jfree.data.general.SeriesChangeListener",1,0,9,0
"org.jfree.data.general.DefaultKeyedValuesDataset",0,0,2,2
"org.jfree.data.general.PieDataset",1,1,23,3
"org.jfree.chart.block.EntityBlockParams",0,0,4,0
"org.jfree.chart.ChartTheme",0,0,1,0
"org.jfree.chart.imagemap.ToolTipTagFragmentGenerator",0,0,5,0
"org.jfree.chart.LegendItemSource",0,0,4,0
"org.jfree.chart.text.TextMeasurer",0,0,1,0
"org.jfree.chart.util.PublicCloneable",0,0,245,1
"org.jfree.data.function.Function2D",0,0,6,0
"org.jfree.data.ItemKey",0,0,4,0
"org.jfree.data.json.impl.JSONAware",0,0,2,0
"org.jfree.data.KeyedValue",0,0,3,1
"org.jfree.data.Value",0,0,2,0
"org.jfree.data.xy.TableXYDataset",0,0,15,1
"org.jfree.data.general.KeyedValueDataset",1,1,1,3
"org.jfree.data.general.KeyedValues2DDataset",1,1,1,2
"org.jfree.data.general.KeyedValuesDataset",0,0,1,1
"org.jfree.data.general.ValueDataset",1,1,5,3
"org.jfree.chart.annotations.XYImageAnnotationTest",0,0,0,0
